,p_hv_mw,q_hv_mvar,p_lv_mw,q_lv_mvar
0,0.41564328439485587,0.24382027354831237,-0.4144834279990662,-0.22896685590445784
1,0.3084462249700519,0.1741187906251973,-0.30781979220586164,-0.1656395844028214
